generation,energy,objective_cx,status,time_elapsed_sec
0,-2.1504,-9.1504,START,0.0
1,-2.6765,-9.6765,POP_UPDATED,2.9464
2,-2.6765,-9.6765,POP_UPDATED,4.3997
3,-2.6765,-9.6765,POP_UPDATED,5.9433
4,-2.6765,-9.6765,POP_UPDATED,7.5543
5,-3.0068,-10.0068,POP_UPDATED,9.0234
6,-3.0068,-10.0068,POP_UPDATED,10.5047
7,-4.5825,-11.5825,POP_UPDATED,11.9665
8,-4.5825,-11.5825,POP_UPDATED,13.4347
9,-4.5825,-11.5825,POP_UPDATED,14.9044
10,-4.5825,-11.5825,POP_UPDATED,16.379
11,-4.5825,-11.5825,POP_UPDATED,17.9985
12,-4.5825,-11.5825,POP_UPDATED,19.4582
13,-4.5825,-11.5825,POP_UPDATED,20.9401
14,-4.5825,-11.5825,POP_UPDATED,22.4121
15,-4.5825,-11.5825,POP_UPDATED,23.8563
16,-4.5825,-11.5825,POP_UPDATED,25.3065
17,-4.5825,-11.5825,POP_UPDATED,26.8599
18,-4.5825,-11.5825,POP_UPDATED,28.309
19,-4.5825,-11.5825,POP_UPDATED,29.7728
20,-4.5825,-11.5825,POP_UPDATED,31.3216
21,-4.5825,-11.5825,POP_UPDATED,32.8073
22,-4.5825,-11.5825,POP_UPDATED,34.2701
23,-4.5825,-11.5825,POP_UPDATED,35.724
24,-4.6411,-11.6411,POP_UPDATED,37.2359
25,-4.6411,-11.6411,POP_UPDATED,38.703
26,-4.6411,-11.6411,POP_UPDATED,40.1728
27,-4.6411,-11.6411,POP_UPDATED,41.6381
28,-4.6411,-11.6411,POP_UPDATED,43.0924
29,-4.6411,-11.6411,POP_UPDATED,44.5483
30,-4.6411,-11.6411,POP_UPDATED,45.9966
31,-4.6411,-11.6411,POP_UPDATED,47.4403
32,-4.6411,-11.6411,POP_UPDATED,49.0009
33,-4.6411,-11.6411,POP_UPDATED,50.456
34,-4.6411,-11.6411,POP_UPDATED,51.9168
35,-4.6411,-11.6411,POP_UPDATED,53.3686
36,-4.6411,-11.6411,POP_UPDATED,54.842
37,-4.6411,-11.6411,POP_UPDATED,56.3043
38,-4.6411,-11.6411,POP_UPDATED,57.7433
39,-4.6411,-11.6411,POP_UPDATED,59.2028
40,-4.6411,-11.6411,POP_UPDATED,60.6526
41,-4.6411,-11.6411,POP_UPDATED,62.0953
42,-4.6411,-11.6411,POP_UPDATED,63.6104
43,-4.6411,-11.6411,POP_UPDATED,65.1497
44,-4.6411,-11.6411,POP_UPDATED,66.6148
45,-4.6411,-11.6411,POP_UPDATED,68.0765
46,-4.6411,-11.6411,POP_UPDATED,69.6365
47,-4.6411,-11.6411,POP_UPDATED,71.1807
48,-4.6411,-11.6411,POP_UPDATED,72.7
49,-4.6411,-11.6411,POP_UPDATED,74.1648
50,-4.6411,-11.6411,POP_UPDATED,75.6726
51,-4.6411,-11.6411,POP_UPDATED,77.1371
52,-4.6411,-11.6411,POP_UPDATED,78.5967
53,-4.6411,-11.6411,POP_UPDATED,80.0499
54,-4.6411,-11.6411,POP_UPDATED,81.5786
55,-4.6411,-11.6411,POP_UPDATED,83.072
56,-4.6411,-11.6411,POP_UPDATED,84.5441
57,-4.6411,-11.6411,POP_UPDATED,86.029
58,-4.6411,-11.6411,POP_UPDATED,87.4926
59,-4.6411,-11.6411,POP_UPDATED,88.9526
60,-4.6411,-11.6411,POP_UPDATED,90.4192
61,-4.6411,-11.6411,POP_UPDATED,91.8726
62,-4.6411,-11.6411,POP_UPDATED,93.3596
63,-4.6411,-11.6411,POP_UPDATED,94.952
64,-4.6411,-11.6411,POP_UPDATED,96.4194
65,-4.6411,-11.6411,POP_UPDATED,97.9133
66,-4.6411,-11.6411,POP_UPDATED,99.3831
67,-4.6411,-11.6411,POP_UPDATED,100.8944
68,-4.6411,-11.6411,POP_UPDATED,102.4891
69,-4.6411,-11.6411,POP_UPDATED,103.9587
70,-4.6411,-11.6411,POP_UPDATED,105.4102
71,-4.6411,-11.6411,POP_UPDATED,106.917
72,-4.6411,-11.6411,POP_UPDATED,108.3736
73,-4.6411,-11.6411,POP_UPDATED,109.8246
74,-4.6411,-11.6411,POP_UPDATED,111.2873
75,-4.6411,-11.6411,POP_UPDATED,112.7608
76,-4.6411,-11.6411,POP_UPDATED,114.2124
77,-4.6411,-11.6411,POP_UPDATED,115.6741
78,-4.6411,-11.6411,POP_UPDATED,117.271
79,-4.6411,-11.6411,POP_UPDATED,118.7352
80,-4.6411,-11.6411,POP_UPDATED,120.1858
81,-4.6411,-11.6411,POP_UPDATED,121.7831
82,-4.6411,-11.6411,POP_UPDATED,123.3521
83,-4.6411,-11.6411,POP_UPDATED,124.9713
84,-4.6411,-11.6411,POP_UPDATED,126.5113
85,-4.6411,-11.6411,POP_UPDATED,128.186
86,-4.6411,-11.6411,POP_UPDATED,129.8747
87,-4.6411,-11.6411,POP_UPDATED,131.3669
88,-4.6411,-11.6411,POP_UPDATED,132.8308
89,-4.6411,-11.6411,POP_UPDATED,134.3132
90,-4.6411,-11.6411,POP_UPDATED,135.8874
91,-4.6411,-11.6411,POP_UPDATED,137.3488
92,-4.6411,-11.6411,POP_UPDATED,138.8193
93,-4.6411,-11.6411,POP_UPDATED,140.2796
94,-4.6411,-11.6411,POP_UPDATED,141.738
95,-4.6411,-11.6411,POP_UPDATED,143.2145
96,-4.6411,-11.6411,POP_UPDATED,144.6938
97,-4.6411,-11.6411,POP_UPDATED,146.1687
98,-4.6411,-11.6411,POP_UPDATED,147.63
99,-4.6411,-11.6411,POP_UPDATED,149.0806
100,-4.6411,-11.6411,POP_UPDATED,150.5305
101,-4.6411,-11.6411,POP_UPDATED,151.981
102,-4.6411,-11.6411,POP_UPDATED,153.4829
103,-4.6411,-11.6411,POP_UPDATED,154.9522
104,-4.6411,-11.6411,POP_UPDATED,156.4261
105,-4.6411,-11.6411,POP_UPDATED,157.9003
106,-4.6411,-11.6411,POP_UPDATED,159.3868
107,-4.6411,-11.6411,POP_UPDATED,160.8465
108,-4.6411,-11.6411,POP_UPDATED,162.3151
109,-4.6411,-11.6411,POP_UPDATED,163.7815
110,-4.6411,-11.6411,POP_UPDATED,165.2425
111,-4.6411,-11.6411,POP_UPDATED,166.8385
112,-4.6411,-11.6411,POP_UPDATED,168.3122
113,-4.6411,-11.6411,POP_UPDATED,169.7724
114,-4.6411,-11.6411,POP_UPDATED,171.2287
115,-4.6411,-11.6411,POP_UPDATED,172.6824
116,-4.6411,-11.6411,POP_UPDATED,174.1576
117,-4.6411,-11.6411,POP_UPDATED,175.6113
118,-4.6411,-11.6411,POP_UPDATED,177.1002
119,-4.6411,-11.6411,POP_UPDATED,178.5455
120,-4.6411,-11.6411,POP_UPDATED,180.1038
121,-4.6411,-11.6411,POP_UPDATED,181.559
122,-4.6411,-11.6411,POP_UPDATED,183.0447
123,-4.6411,-11.6411,POP_UPDATED,184.5061
124,-4.6411,-11.6411,POP_UPDATED,185.993
125,-4.6411,-11.6411,POP_UPDATED,187.4413
126,-4.6411,-11.6411,POP_UPDATED,188.9034
127,-4.6411,-11.6411,POP_UPDATED,190.3808
128,-4.6411,-11.6411,POP_UPDATED,191.832
129,-4.6411,-11.6411,POP_UPDATED,193.2797
130,-4.6411,-11.6411,POP_UPDATED,194.7319
131,-4.6411,-11.6411,POP_UPDATED,196.3138
132,-4.6411,-11.6411,POP_UPDATED,197.7845
133,-4.6411,-11.6411,POP_UPDATED,199.2468
134,-4.6411,-11.6411,POP_UPDATED,200.7311
135,-4.6411,-11.6411,POP_UPDATED,202.1976
136,-4.6411,-11.6411,POP_UPDATED,203.6511
137,-4.6411,-11.6411,POP_UPDATED,205.1164
138,-4.6411,-11.6411,POP_UPDATED,206.6226
139,-4.6411,-11.6411,POP_UPDATED,208.0996
140,-4.6411,-11.6411,POP_UPDATED,209.5453
141,-4.6411,-11.6411,POP_UPDATED,210.9976
142,-4.6411,-11.6411,POP_UPDATED,212.4695
143,-4.6411,-11.6411,POP_UPDATED,213.9442
144,-4.6411,-11.6411,POP_UPDATED,215.5703
145,-4.6411,-11.6411,POP_UPDATED,217.0389
146,-4.6411,-11.6411,POP_UPDATED,218.4914
147,-4.6411,-11.6411,POP_UPDATED,219.9709
148,-4.6411,-11.6411,POP_UPDATED,221.4272
149,-4.6411,-11.6411,POP_UPDATED,222.8967
150,-4.6411,-11.6411,POP_UPDATED,224.371
151,-4.6411,-11.6411,POP_UPDATED,225.8107
152,-4.6411,-11.6411,POP_UPDATED,227.2809
153,-4.6411,-11.6411,POP_UPDATED,228.7447
154,-4.6411,-11.6411,POP_UPDATED,230.2371
155,-4.6411,-11.6411,POP_UPDATED,231.6985
156,-4.6411,-11.6411,POP_UPDATED,233.1628
157,-4.6411,-11.6411,POP_UPDATED,234.6652
158,-4.6411,-11.6411,POP_UPDATED,236.1129
159,-4.6411,-11.6411,POP_UPDATED,237.5691
160,-4.6411,-11.6411,POP_UPDATED,239.0165
161,-4.6411,-11.6411,POP_UPDATED,240.4733
162,-4.6411,-11.6411,POP_UPDATED,241.9611
163,-4.6411,-11.6411,POP_UPDATED,243.42
164,-4.6411,-11.6411,POP_UPDATED,244.8944
165,-4.6411,-11.6411,POP_UPDATED,246.3651
166,-4.6411,-11.6411,POP_UPDATED,247.8254
167,-4.6411,-11.6411,POP_UPDATED,249.286
168,-4.6411,-11.6411,POP_UPDATED,250.7494
169,-4.6411,-11.6411,POP_UPDATED,252.2169
170,-4.6411,-11.6411,POP_UPDATED,253.6737
171,-4.6411,-11.6411,POP_UPDATED,255.132
172,-4.6411,-11.6411,POP_UPDATED,256.6347
173,-4.6411,-11.6411,POP_UPDATED,258.0811
174,-4.6411,-11.6411,POP_UPDATED,259.5344
175,-4.6411,-11.6411,POP_UPDATED,261.0012
176,-4.6411,-11.6411,POP_UPDATED,262.4801
177,-4.6411,-11.6411,POP_UPDATED,263.9477
178,-4.6411,-11.6411,POP_UPDATED,265.4277
179,-4.6411,-11.6411,POP_UPDATED,266.9342
180,-4.6411,-11.6411,POP_UPDATED,268.4004
181,-4.6411,-11.6411,POP_UPDATED,269.8537
182,-4.6411,-11.6411,POP_UPDATED,271.393
183,-4.6411,-11.6411,POP_UPDATED,272.8534
184,-4.6411,-11.6411,POP_UPDATED,274.2959
185,-4.6411,-11.6411,POP_UPDATED,275.7589
186,-4.6411,-11.6411,POP_UPDATED,277.2473
187,-4.6411,-11.6411,POP_UPDATED,278.8628
188,-4.6411,-11.6411,POP_UPDATED,280.3986
189,-4.6411,-11.6411,POP_UPDATED,281.9883
190,-4.6411,-11.6411,POP_UPDATED,283.4552
191,-4.6411,-11.6411,POP_UPDATED,284.9377
192,-4.6411,-11.6411,POP_UPDATED,286.419
193,-4.6411,-11.6411,POP_UPDATED,287.9252
194,-4.6411,-11.6411,POP_UPDATED,289.3928
195,-4.6411,-11.6411,POP_UPDATED,290.8482
196,-4.6411,-11.6411,POP_UPDATED,292.3082
197,-4.6411,-11.6411,POP_UPDATED,293.7745
198,-4.6411,-11.6411,POP_UPDATED,295.3663
199,-4.6411,-11.6411,POP_UPDATED,296.845
200,-4.6411,-11.6411,POP_UPDATED,298.2886
201,-4.6411,-11.6411,POP_UPDATED,299.7697
202,-4.6411,-11.6411,POP_UPDATED,301.2326
203,-4.6411,-11.6411,POP_UPDATED,302.7859
204,-4.6411,-11.6411,POP_UPDATED,304.2184
205,-4.6411,-11.6411,POP_UPDATED,305.7296
206,-4.6411,-11.6411,POP_UPDATED,307.1957
207,-4.6411,-11.6411,POP_UPDATED,308.6684
208,-4.6411,-11.6411,POP_UPDATED,310.1112
209,-4.6411,-11.6411,POP_UPDATED,311.5982
210,-4.6411,-11.6411,POP_UPDATED,313.0723
211,-4.6411,-11.6411,POP_UPDATED,314.5347
212,-4.6411,-11.6411,POP_UPDATED,315.987
213,-4.6411,-11.6411,POP_UPDATED,317.4473
214,-4.6411,-11.6411,POP_UPDATED,318.9131
215,-4.6411,-11.6411,POP_UPDATED,320.3928
216,-4.6411,-11.6411,POP_UPDATED,321.8729
217,-4.6411,-11.6411,POP_UPDATED,323.4392
218,-4.6411,-11.6411,POP_UPDATED,324.95
219,-4.6411,-11.6411,POP_UPDATED,326.4248
220,-4.6411,-11.6411,POP_UPDATED,327.875
221,-4.6411,-11.6411,POP_UPDATED,329.3417
222,-4.6411,-11.6411,POP_UPDATED,330.8365
223,-4.6411,-11.6411,POP_UPDATED,332.325
224,-4.6411,-11.6411,POP_UPDATED,333.8007
225,-4.6411,-11.6411,POP_UPDATED,335.3652
226,-4.6411,-11.6411,POP_UPDATED,336.8435
227,-4.6411,-11.6411,POP_UPDATED,338.3087
228,-4.6411,-11.6411,POP_UPDATED,339.8201
229,-4.6411,-11.6411,POP_UPDATED,341.2847
230,-4.6411,-11.6411,POP_UPDATED,342.7433
231,-4.6411,-11.6411,POP_UPDATED,344.202
232,-4.6411,-11.6411,POP_UPDATED,345.6504
233,-4.6411,-11.6411,POP_UPDATED,347.1118
234,-4.6411,-11.6411,POP_UPDATED,348.5856
235,-4.6411,-11.6411,POP_UPDATED,350.0604
236,-4.6411,-11.6411,POP_UPDATED,351.5239
237,-4.6411,-11.6411,POP_UPDATED,353.0667
238,-4.6411,-11.6411,POP_UPDATED,354.5575
239,-4.6411,-11.6411,POP_UPDATED,356.0147
240,-4.6411,-11.6411,POP_UPDATED,357.4848
241,-4.6411,-11.6411,POP_UPDATED,358.9374
242,-4.6411,-11.6411,POP_UPDATED,360.3958
243,-4.6411,-11.6411,POP_UPDATED,361.836
244,-4.6411,-11.6411,POP_UPDATED,363.2722
245,-4.6411,-11.6411,POP_UPDATED,364.7774
246,-4.6411,-11.6411,POP_UPDATED,366.2586
247,-4.6411,-11.6411,POP_UPDATED,367.72
248,-4.6411,-11.6411,POP_UPDATED,369.1761
249,-4.6411,-11.6411,POP_UPDATED,370.6281
250,-4.6411,-11.6411,POP_UPDATED,372.0734
251,-4.6411,-11.6411,POP_UPDATED,373.5323
252,-4.6411,-11.6411,POP_UPDATED,374.9893
253,-4.6411,-11.6411,POP_UPDATED,376.4485
254,-4.6411,-11.6411,POP_UPDATED,377.9458
255,-4.6411,-11.6411,POP_UPDATED,379.4111
256,-4.6411,-11.6411,POP_UPDATED,380.8788
257,-4.6411,-11.6411,POP_UPDATED,382.3464
258,-4.6411,-11.6411,POP_UPDATED,383.9331
259,-4.6411,-11.6411,POP_UPDATED,385.4183
260,-4.6411,-11.6411,POP_UPDATED,386.8793
261,-4.6411,-11.6411,POP_UPDATED,388.3438
262,-4.6411,-11.6411,POP_UPDATED,389.8161
263,-4.6411,-11.6411,POP_UPDATED,391.2684
264,-4.6411,-11.6411,POP_UPDATED,392.7531
265,-4.6411,-11.6411,POP_UPDATED,394.2174
266,-4.6411,-11.6411,POP_UPDATED,395.6689
267,-4.6411,-11.6411,POP_UPDATED,397.141
268,-4.6411,-11.6411,POP_UPDATED,398.6091
269,-4.6411,-11.6411,POP_UPDATED,400.1748
270,-4.6411,-11.6411,POP_UPDATED,401.6384
271,-4.6411,-11.6411,POP_UPDATED,403.0892
272,-4.6411,-11.6411,POP_UPDATED,404.5374
273,-4.6411,-11.6411,POP_UPDATED,405.9939
274,-4.6411,-11.6411,POP_UPDATED,407.4411
275,-4.6411,-11.6411,POP_UPDATED,408.8895
276,-4.6411,-11.6411,POP_UPDATED,410.3621
277,-4.6411,-11.6411,POP_UPDATED,411.9221
278,-4.6411,-11.6411,POP_UPDATED,413.3809
279,-4.6411,-11.6411,POP_UPDATED,414.8241
280,-4.6411,-11.6411,POP_UPDATED,416.2715
281,-4.6411,-11.6411,POP_UPDATED,417.7291
282,-4.6411,-11.6411,POP_UPDATED,419.1896
283,-4.6411,-11.6411,POP_UPDATED,420.7254
284,-4.6411,-11.6411,POP_UPDATED,422.2281
285,-4.6411,-11.6411,POP_UPDATED,423.705
286,-5.1638,-12.1638,POP_UPDATED,425.1529
287,-5.1638,-12.1638,POP_UPDATED,426.6172
288,-5.1638,-12.1638,POP_UPDATED,428.076
289,-5.1638,-12.1638,POP_UPDATED,429.5238
290,-5.1638,-12.1638,POP_UPDATED,431.1989
291,-5.1638,-12.1638,POP_UPDATED,432.7709
292,-5.1638,-12.1638,POP_UPDATED,434.2469
293,-5.1638,-12.1638,POP_UPDATED,435.6889
294,-5.1638,-12.1638,POP_UPDATED,437.1544
295,-5.1638,-12.1638,POP_UPDATED,438.7386
296,-5.1638,-12.1638,POP_UPDATED,440.2912
297,-5.1638,-12.1638,POP_UPDATED,441.8077
298,-5.1638,-12.1638,POP_UPDATED,443.4129
299,-5.1638,-12.1638,POP_UPDATED,444.8708
300,-5.1638,-12.1638,POP_UPDATED,446.3775
